# Casa Inteligente - Dispositivos IoT
# Formato: TIPO;ID;LOCALIZACAO;PARAMETRO1;PARAMETRO2;PARAMETRO3;COMODO;COORD_X;COORD_Y

# === INFORMAÇÕES DA CASA ===
CASA;Casa Inteligente;Rua das Tecnologias; 123;;;;;0;0

# === CÔMODOS ===
COMODO;Sala;Sala de Estar;25.0;;;;;
COMODO;Cozinha;Cozinha;15.0;;;;;
COMODO;Quarto1;Quarto Principal;20.0;;;;;
COMODO;Quarto2;Quarto Secundário;18.0;;;;;
COMODO;Banheiro;Banheiro;8.0;;;;;
COMODO;Varanda;Varanda;12.0;;;;;
COMODO;Lavanderia;Lavanderia;5.0;;;;;

# === SENSORES ===
# SensorTemperatura:;ID;LOCALIZACAO;MIN_TEMP;MAX_TEMP;;COMODO;COORD_X;COORD_Y
SENSOR_TEMPERATURA;ST01;Externo;18.0;28.0;;Externo;360;80

# SensorMovimento:;ID;LOCALIZACAO;SENSIBILIDADE;;;COMODO;COORD_X;COORD_Y
SENSOR_MOVIMENTO;SM03;Cozinha;9;;;Quarto1;480;225
SENSOR_MOVIMENTO;SM04;Varanda;6;;;Varanda;815;208

# === ATUADORES ===
# Lampada:;ID;LOCALIZACAO;PARAMETRO1;PARAMETRO2;PARAMETRO3;COMODO;COORD_X;COORD_Y
LAMPADA;L01;BWC Suíte Master;;;;Quarto Principal;57;350
LAMPADA;L02;Quarto 2;;;;Quarto Secundário;200;390
LAMPADA;L03;Suíte Master;;;;Quarto Principal;192;265
LAMPADA;L04;Lavanderia;;;;Lavanderia;186;136
LAMPADA;L05;Quarto de Empregada;;;;Lavanderia;150;60
LAMPADA;L06;Banheiro de Empregada;;;;Lavanderia;249;60
LAMPADA;L07;Quarto1 Teto;;;;Quarto1;345;165
LAMPADA;L08;Quarto1 Cabeceira;;;;Quarto1;500;165
LAMPADA;L09;Quarto2 Teto;;;;Quarto2;370;280
LAMPADA;L10;Banheiro Quarto 2;;;;BahnheiroQuarto2;300;420
LAMPADA;L11;Banheiro Espelho;;;;Banheiro;500;370
LAMPADA;L12;Banheiro Teto;;;;Banheiro;670;175
LAMPADA;L13;Varanda Externa;;;;Varanda;820;268
LAMPADA;L14;Corredor 1;;;;Lavanderia;670;360
LAMPADA;L15;Corredor 2;;;;Sala;335;235
LAMPADA;L16;Entrada;;;;Sala;500;460

# ArCondicionado:;ID;LOCALIZACAO;PARAMETRO1;PARAMETRO2;PARAMETRO3;COMODO;COORD_X;COORD_Y
AR_CONDICIONADO;AC01;Sala Principal;;;;Sala;110;322
AR_CONDICIONADO;AC02;Quarto 1;;;;Quarto1;225;349
AR_CONDICIONADO;AC03;Quarto 2;;;;Quarto2;468;290
AR_CONDICIONADO;AC04;Quarto 3;;;;Quarto3;730;110